,name,screen_name,statuses_count,followers_count,friends_count,favourites_count,listed_count,url,default_profile,default_profile_image,geo_enabled,profile_use_background_image,profile_background_tile,is_translator,follow_request_sent,protected,verified,notifications,contributors_enabled,following,created_at
0,20,14,1797,272,920,86,5,0,0,0,0,0,0,0,0,0,0,0,0,0,2015
1,11,10,5715,35,1651,2898,18,1,0,0,0,0,0,0,0,0,0,0,0,0,2012
2,8,7,1191,170,476,10,3,1,0,0,0,0,0,0,0,0,0,0,0,0,2011
3,15,10,6525,186,146,55,4,0,0,0,0,0,0,0,0,0,0,0,0,0,2010
4,13,12,77757,1474,1554,2,22,0,0,0,0,0,0,0,0,0,0,0,0,0,2010
5,14,13,4568,6874,682,625,94,0,0,0,0,0,0,0,0,0,0,0,0,0,2009
6,16,10,1174,18,70,438,2,1,0,0,0,0,0,0,0,0,0,0,0,0,2011
7,11,10,6246,712,1677,4177,82,0,0,0,0,0,0,0,0,0,0,0,0,0,2010
8,14,13,477,650,1985,2,9,0,0,0,0,0,0,0,0,0,0,0,0,0,2013
9,20,12,1267,26,306,1264,1,1,0,0,0,0,0,0,0,0,0,0,0,0,2015
10,9,8,3814,677,543,755,32,0,0,0,0,0,0,0,0,0,0,0,0,0,2008
11,17,12,105794,13584,42,712,188,0,0,0,0,0,0,0,0,0,0,0,0,0,2012
12,14,11,4551,2512,388,435,80,0,0,0,0,0,0,0,0,0,0,0,0,0,2009
13,18,15,1228,277,955,2,6,0,0,0,0,0,0,0,0,0,0,0,0,0,2009
14,10,9,2652,1078,427,33,55,0,0,0,0,0,0,0,0,0,0,0,0,0,2012
15,17,15,192,444,3,0,2,0,0,0,0,0,0,0,0,0,0,0,0,0,2014
16,13,12,4774,1378,75,344,24,0,0,0,0,0,0,0,0,0,0,0,0,0,2015
17,19,11,15453,1353,2515,2483,24,0,0,0,0,0,0,0,0,0,0,0,0,0,2011
18,9,9,3300,4695,840,19,92,1,0,0,0,0,0,0,0,0,0,0,0,0,2015
19,13,12,5227,116,143,8,4,1,0,0,0,0,0,0,0,0,0,0,0,0,2010
20,5,14,422,56,636,16,0,1,0,0,0,0,0,0,0,0,0,0,0,0,2015
21,10,11,2738,119,80,31,0,1,0,0,0,0,0,0,0,0,0,0,0,0,2013
22,9,11,6460,88,514,330,0,1,0,0,0,0,0,0,0,0,0,0,0,0,2015
23,6,7,52320,739,1291,2988,29,1,0,0,0,0,0,0,0,0,0,0,0,0,2009
24,20,15,398,834,678,0,2,0,0,0,0,0,0,0,0,0,0,0,0,0,2015
25,8,10,194,35,129,129,5,1,0,0,0,0,0,0,0,0,0,0,0,0,2008
26,13,10,22780,14867,14971,268,45,0,0,0,0,0,0,0,0,0,0,0,0,0,2012
27,4,9,19922,2,3,0,0,1,0,0,0,0,0,0,0,0,0,0,0,0,2013
28,5,11,4253,31,183,186,0,1,0,0,0,0,0,0,0,0,0,0,0,0,2012
29,14,13,1642,63,94,160,3,1,0,0,0,0,0,0,0,0,0,0,0,0,2014
30,3,8,463,0,1,0,0,1,0,0,0,0,0,0,0,0,0,0,0,0,2015
31,14,10,8586,240,1526,4112,4,1,0,0,0,0,0,0,0,0,0,0,0,0,2014
32,9,8,2128,537,254,78,148,0,0,0,0,0,0,0,0,0,0,0,0,0,2011
33,14,11,4977,85,153,8847,7,1,0,0,0,0,0,0,0,0,0,0,0,0,2013
34,12,14,37004,21877,13792,155,616,0,0,0,0,0,0,0,0,0,0,0,0,0,2009
35,25,15,31706,312,1584,50644,53,1,0,0,0,0,0,0,0,0,0,0,0,0,2013
36,9,8,14283,43696,5306,192,1911,0,0,0,0,0,0,0,0,0,0,0,0,0,2009
37,14,14,18216,1151,295,8,2,0,0,0,0,0,0,0,0,0,0,0,0,0,2013
38,16,14,708,356,164,199,26,0,0,0,0,0,0,0,0,0,0,0,0,0,2014
39,14,13,52198,2351,170,50596,56,0,0,0,0,0,0,0,0,0,0,0,0,0,2011
40,16,11,2816,101,137,4,3,1,0,0,0,0,0,0,0,0,0,0,0,0,2014
41,11,11,1227,624,51,3972,5,1,0,0,0,0,0,0,0,0,0,0,0,0,2015
42,13,11,4199,378,241,2400,0,1,0,0,0,0,0,0,0,0,0,0,0,0,2011
43,11,11,2176,152,169,0,35,0,0,0,0,0,0,0,0,0,0,0,0,0,2012
44,11,15,1096,21,240,1095,0,0,0,0,0,0,0,0,0,0,0,0,0,0,2014
45,11,9,9102,981,1926,273,53,0,0,0,0,0,0,0,0,0,0,0,0,0,2010
46,20,14,2683,249,192,92,14,0,0,0,0,0,0,0,0,0,0,0,0,0,2011
47,16,15,1798,280,530,55,5,0,0,0,0,0,0,0,0,0,0,0,0,0,2015
48,17,15,13688,3350,0,0,80,1,0,0,0,0,0,0,0,0,0,0,0,0,2010
49,4,10,41330,6094,1729,5579,16,1,0,0,0,0,0,0,0,0,0,0,0,0,2012
50,18,15,4283,3015,779,560,201,0,0,0,0,0,0,0,0,0,0,0,0,0,2009
51,12,12,13935,5375,5493,807,109,0,0,0,0,0,0,0,0,0,0,0,0,0,2013
52,17,15,10397,162,247,2,54,0,0,0,0,0,0,0,0,0,0,0,0,0,2015
53,19,15,28306,1198,154,2,34,0,0,0,0,0,0,0,0,0,0,0,0,0,2009
54,14,12,534,9,105,0,0,1,0,0,0,0,0,0,0,0,0,0,0,0,2015
55,11,11,695,9,56,4,1,0,0,0,0,0,0,0,0,0,0,0,0,0,2012
56,11,7,61944,2002,2130,104,57,1,0,0,0,0,0,0,0,0,0,0,0,0,2012
57,8,13,1372,56,68,79,0,1,0,0,0,0,0,0,0,0,0,0,0,0,2015
58,10,9,33625,657,1762,340,4,1,0,0,0,0,0,0,0,0,0,0,0,0,2010
59,6,14,62680,18,14,0,1,0,0,0,0,0,0,0,0,0,0,0,0,0,2012
60,5,13,2691,287,1218,2485,9,0,0,0,0,0,0,0,0,0,0,0,0,0,2013
61,9,6,17398,271,546,5336,11,1,0,0,0,0,0,0,0,0,0,0,0,0,2012
62,9,10,1309,106,111,2,4,1,0,0,0,0,0,0,0,0,0,0,0,0,2013
63,7,10,243,4884,5107,356,0,0,0,0,0,0,0,0,0,0,0,0,0,0,2015
64,3,11,1022,3,2,0,0,1,0,0,0,0,0,0,0,0,0,0,0,0,2015
65,12,12,15866,133,282,6613,8,0,0,0,0,0,0,0,0,0,0,0,0,0,2010
66,16,10,8833,5699,5716,3,20,1,0,0,0,0,0,0,0,0,0,0,0,0,2014
67,14,13,3066,444,795,2,10,0,0,0,0,0,0,0,0,0,0,0,0,0,2010
68,7,7,6581,12628,1759,1670,207,0,0,0,0,0,0,0,0,0,0,0,0,0,2010
69,14,13,1929,578,1892,38,18,0,0,0,0,0,0,0,0,0,0,0,0,0,2010
70,18,10,57556,10131,11223,980,198,0,0,0,0,0,0,0,0,0,0,0,0,0,2009
71,15,15,2265,60,177,2419,2,1,0,0,0,0,0,0,0,0,0,0,0,0,2014
72,10,10,1807,160,166,145,1,1,0,0,0,0,0,0,0,0,0,0,0,0,2014
73,20,15,2313,8619,3,44,18,0,0,0,0,0,0,0,0,0,0,0,0,0,2010
74,11,15,1299,55,612,5,0,0,0,0,0,0,0,0,0,0,0,0,0,0,2015
75,18,11,4146,369,552,0,31,0,0,0,0,0,0,0,0,0,0,0,0,0,2015
76,17,13,4022,128,22,4064,0,1,0,0,0,0,0,0,0,0,0,0,0,0,2013
77,19,13,6020,504,642,623,96,0,0,0,0,0,0,0,0,0,0,0,0,0,2014
78,11,8,7361,278,225,5161,1,1,0,0,0,0,0,0,0,0,0,0,0,0,2013
79,11,12,22608,4,24,55,0,1,0,0,0,0,0,0,0,0,0,0,0,0,2015
80,11,12,859,130,192,0,16,0,0,0,0,0,0,0,0,0,0,0,0,0,2008
81,19,15,3160,174,315,4,5,0,0,0,0,0,0,0,0,0,0,0,0,0,2009
82,12,15,392,6,3,0,0,1,0,0,0,0,0,0,0,0,0,0,0,0,2015
83,11,8,4131,111,48,9,0,1,0,0,0,0,0,0,0,0,0,0,0,0,2015
84,13,13,2827,122,218,16,4,0,0,0,0,0,0,0,0,0,0,0,0,0,2012
85,13,13,33784,1972,636,7687,95,0,0,0,0,0,0,0,0,0,0,0,0,0,2009
86,11,11,1532,1353,1022,2519,45,1,0,0,0,0,0,0,0,0,0,0,0,0,2013
87,11,13,10092,198,94,1,9,0,0,0,0,0,0,0,0,0,0,0,0,0,2010
88,20,15,3294,4196,4393,6,138,0,0,0,0,0,0,0,0,0,0,0,0,0,2010
89,14,14,1443,1042,1904,2,24,0,0,0,0,0,0,0,0,0,0,0,0,0,2008
90,18,11,3724,178,28,0,3,0,0,0,0,0,0,0,0,0,0,0,0,0,2011
91,5,5,23981,32658,3209,3054,356,0,0,0,0,0,0,0,0,0,0,0,0,0,2007
92,18,11,37502,2,6,0,0,1,0,0,0,0,0,0,0,0,0,0,0,0,2015
93,13,9,3879,18,63,0,10,1,0,0,0,0,0,0,0,0,0,0,0,0,2013
94,17,15,360,22,132,993,0,1,0,0,0,0,0,0,0,0,0,0,0,0,2015
95,12,10,9152,1414,1872,0,0,0,0,0,0,0,0,0,0,0,0,0,0,0,2010
96,16,11,2560,3,0,2560,1,1,0,0,0,0,0,0,0,0,0,0,0,0,2015
97,7,9,7066,277,850,18,4,0,0,0,0,0,0,0,0,0,0,0,0,0,2010
98,11,11,1036,408,1037,134,14,0,0,0,0,0,0,0,0,0,0,0,0,0,2014
99,9,8,3789,5154,997,1290,30,0,0,0,0,0,0,0,0,0,0,0,0,0,2012
100,13,15,3293,30,71,21,23,1,0,0,0,0,0,0,0,0,0,0,0,0,2015
101,19,10,83647,35,181,30,1,0,0,0,0,0,0,0,0,0,0,0,0,0,2015
102,14,14,2220,160,219,6,4,0,0,0,0,0,0,0,0,0,0,0,0,0,2009
103,18,8,10533,7602,0,0,15,0,0,0,0,0,0,0,0,0,0,0,0,0,2011
104,6,13,6452,223,227,483,7,1,0,0,0,0,0,0,0,0,0,0,0,0,2015
105,11,15,2187,10,15,1,7,1,0,0,0,0,0,0,0,0,0,0,0,0,2014
106,13,9,3109,611,818,330,44,0,0,0,0,0,0,0,0,0,0,0,0,0,2008
107,14,15,1191,624,18,30,1,0,0,0,0,0,0,0,0,0,0,0,0,0,2013
108,8,8,64591,1150,1277,0,6,1,0,0,0,0,0,0,0,0,0,0,0,0,2012
109,17,7,27364,19147,3265,5229,274,0,0,0,0,0,0,0,0,0,0,0,0,0,2012
110,19,15,9671,1080,516,0,6,0,0,0,0,0,0,0,0,0,0,0,0,0,2011
111,11,11,3988,32,60,1,2,0,0,0,0,0,0,0,0,0,0,0,0,0,2015
112,13,14,486,3,10,0,0,1,0,0,0,0,0,0,0,0,0,0,0,0,2014
113,11,9,2773,222,912,382,3,1,0,0,0,0,0,0,0,0,0,0,0,0,2015
114,20,11,6038,1099,1176,158,108,0,0,0,0,0,0,0,0,0,0,0,0,0,2009
115,7,8,56638,1061,451,1071,0,0,0,0,0,0,0,0,0,0,0,0,0,0,2012
116,14,12,4758,1251,1301,1382,128,0,0,0,0,0,0,0,0,0,0,0,0,0,2009
117,17,15,458,37,622,354,6,1,0,0,0,0,0,0,0,0,0,0,0,0,2014
118,7,9,22350,813,918,662,2,1,0,0,0,0,0,0,0,0,0,0,0,0,2011
119,14,7,4658,111,175,4191,0,1,0,0,0,0,0,0,0,0,0,0,0,0,2015
120,4,10,3256,9796,82,12,137,0,0,0,0,0,0,0,0,0,0,0,0,0,2011
121,14,8,9,29,20,20,0,1,0,0,0,0,0,0,0,0,0,0,0,0,2015
122,17,13,648,2,0,0,0,1,0,0,0,0,0,0,0,0,0,0,0,0,2015
123,18,11,1972,321,297,12,13,0,0,0,0,0,0,0,0,0,0,0,0,0,2013
124,5,15,4035,137,118,32313,1,1,0,0,0,0,0,0,0,0,0,0,0,0,2014
125,10,10,4667,421,214,3708,14,0,0,0,0,0,0,0,0,0,0,0,0,0,2012
126,9,13,2241,2,0,0,1,1,0,0,0,0,0,0,0,0,0,0,0,0,2015
127,6,6,13829,206,51,0,85,1,0,0,0,0,0,0,0,0,0,0,0,0,2015
128,15,13,2655,58,10,0,9,0,0,0,0,0,0,0,0,0,0,0,0,0,2014
129,19,11,5463,2784,2573,1506,94,0,0,0,0,0,0,0,0,0,0,0,0,0,2008
130,8,10,809,61,18,868,1,1,0,0,0,0,0,0,0,0,0,0,0,0,2012
131,16,6,71259,1031,515,20,4,0,0,0,0,0,0,0,0,0,0,0,0,0,2009
132,13,11,7375,73,1049,7289,7,1,0,0,0,0,0,0,0,0,0,0,0,0,2015
133,14,8,7534,1072,1892,8830,3,1,0,0,0,0,0,0,0,0,0,0,0,0,2012
134,5,7,124072,551,249,4634,2,0,0,0,0,0,0,0,0,0,0,0,0,0,2011
135,12,15,723,17,317,641,6,0,0,0,0,0,0,0,0,0,0,0,0,0,2015
136,19,14,8165,32,34,0,4,0,0,0,0,0,0,0,0,0,0,0,0,0,2011
137,14,15,29599,2378,218,0,96,0,0,0,0,0,0,0,0,0,0,0,0,0,2011
138,8,10,7200,2433,1902,1648,88,0,0,0,0,0,0,0,0,0,0,0,0,0,2012
139,16,15,422,3,82,0,1,1,0,0,0,0,0,0,0,0,0,0,0,0,2015
140,17,13,136,427,291,0,106,0,0,0,0,0,0,0,0,0,0,0,0,0,2010
141,14,9,1482,99,62,1,0,1,0,0,0,0,0,0,0,0,0,0,0,0,2015
142,8,7,15102,66,81,1,13,0,0,0,0,0,0,0,0,0,0,0,0,0,2014
143,12,7,12814,14,10,0,2,1,0,0,0,0,0,0,0,0,0,0,0,0,2011
144,17,11,1110,27,26,8,29,0,0,0,0,0,0,0,0,0,0,0,0,0,2013
145,14,14,2404,5,5,0,4,1,0,0,0,0,0,0,0,0,0,0,0,0,2014
146,16,15,2045,44,208,130,4,0,0,0,0,0,0,0,0,0,0,0,0,0,2014
147,15,9,1129,166,816,0,0,0,0,0,0,0,0,0,0,0,0,0,0,0,2012
148,19,13,96378,17453,941,9458,217,0,0,0,0,0,0,0,0,0,0,0,0,0,2009
149,5,8,1149,23,157,0,0,1,0,0,0,0,0,0,0,0,0,0,0,0,2015
150,12,12,3110,1259,1751,1875,41,0,0,0,0,0,0,0,0,0,0,0,0,0,2012
151,10,15,1380,2,0,0,0,1,0,0,0,0,0,0,0,0,0,0,0,0,2015
152,5,12,531,7,1530,13,0,1,0,0,0,0,0,0,0,0,0,0,0,0,2015
153,14,11,1665,261,206,95,7,0,0,0,0,0,0,0,0,0,0,0,0,0,2013
154,14,13,126109,67,5,0,10,1,0,0,0,0,0,0,0,0,0,0,0,0,2015
155,11,11,121486,22356,15654,397,156,0,0,0,0,0,0,0,0,0,0,0,0,0,2011
156,13,11,8002,7769,8977,0,16,1,0,0,0,0,0,0,0,0,0,0,0,0,2012
157,14,12,5472,8,12,1,0,1,0,0,0,0,0,0,0,0,0,0,0,0,2013
158,15,14,29793,2763,1637,0,17,1,0,0,0,0,0,0,0,0,0,0,0,0,2012
159,11,11,23879,941,1954,859,9,1,0,0,0,0,0,0,0,0,0,0,0,0,2012
160,10,9,146510,5026,151,48,104,0,0,0,0,0,0,0,0,0,0,0,0,0,2012
161,16,14,5329,63,163,1439,11,1,0,0,0,0,0,0,0,0,0,0,0,0,2012
162,9,10,68130,10430,90,836,71,0,0,0,0,0,0,0,0,0,0,0,0,0,2012
163,9,10,7127,10102,5505,1428,140,0,0,0,0,0,0,0,0,0,0,0,0,0,2010
164,7,12,3161,1130,54,933,17,0,0,0,0,0,0,0,0,0,0,0,0,0,2010
165,18,12,9259,2285,847,6263,87,0,0,0,0,0,0,0,0,0,0,0,0,0,2009
166,6,11,556,2,1,0,0,1,0,0,0,0,0,0,0,0,0,0,0,0,2015
167,18,12,6615,18,10,0,0,0,0,0,0,0,0,0,0,0,0,0,0,0,2012
168,14,14,4649,285,64,0,7,0,0,0,0,0,0,0,0,0,0,0,0,0,2012
169,16,9,16299,512,490,14616,2,0,0,0,0,0,0,0,0,0,0,0,0,0,2010
170,10,9,1011,1161,1888,485,3,1,0,0,0,0,0,0,0,0,0,0,0,0,2011
171,1,8,6086,36,132,1230,9,1,0,0,0,0,0,0,0,0,0,0,0,0,2013
172,9,9,675,160,225,9,0,1,0,0,0,0,0,0,0,0,0,0,0,0,2015
173,11,10,583,27,1821,2976,0,1,0,0,0,0,0,0,0,0,0,0,0,0,2009
174,20,4,14308,6268,5351,594,138,0,0,0,0,0,0,0,0,0,0,0,0,0,2010
175,4,7,4132,186325,116734,0,248,1,0,0,0,0,0,0,0,0,0,0,0,0,2015
176,13,5,750,1361,1150,176,2,0,0,0,0,0,0,0,0,0,0,0,0,0,2015
177,20,13,634,171,240,52,56,0,0,0,0,0,0,0,0,0,0,0,0,0,2015
178,13,8,902,17,30,58,0,0,0,0,0,0,0,0,0,0,0,0,0,0,2013
179,20,7,27813,41903,41,0,97,0,0,0,0,0,0,0,0,0,0,0,0,0,2013
180,20,10,5125,203,924,0,5,0,0,0,0,0,0,0,0,0,0,0,0,0,2013
181,20,13,2431,1736,1994,348,37,0,0,0,0,0,0,0,0,0,0,0,0,0,2010
182,9,10,3453,298,1159,0,4,1,0,0,0,0,0,0,0,0,0,0,0,0,2015
183,10,15,3983,2,0,0,0,0,0,0,0,0,0,0,0,0,0,0,0,0,2012
184,12,14,2357,441,909,993,5,0,0,0,0,0,0,0,0,0,0,0,0,0,2013
185,9,9,285,291,210,0,5,1,0,0,0,0,0,0,0,0,0,0,0,0,2012
186,14,14,778,211,119,23,6,0,0,0,0,0,0,0,0,0,0,0,0,0,2012
187,7,9,9673,4,8,0,0,1,0,0,0,0,0,0,0,0,0,0,0,0,2012
188,7,15,2839,5,3,0,0,0,0,0,0,0,0,0,0,0,0,0,0,0,2014
189,12,9,3579,104,83,0,0,0,0,0,0,0,0,0,0,0,0,0,0,0,2012
190,2,9,2425,5,15,1,0,1,0,0,0,0,0,0,0,0,0,0,0,0,2015
191,15,12,3031,83,1050,3030,1,1,0,0,0,0,0,0,0,0,0,0,0,0,2015
192,11,10,764,2,0,0,0,1,0,0,0,0,0,0,0,0,0,0,0,0,2015
193,18,9,24758,1722,2077,187,23,0,0,0,0,0,0,0,0,0,0,0,0,0,2009
194,19,13,10110,4846,3749,1171,103,0,0,0,0,0,0,0,0,0,0,0,0,0,2011
195,11,13,1914,11,0,0,0,1,0,0,0,0,0,0,0,0,0,0,0,0,2014
196,6,15,2851,763,2729,4056,1,1,0,0,0,0,0,0,0,0,0,0,0,0,2015
197,3,7,5376,209,1842,231,20,1,0,0,0,0,0,0,0,0,0,0,0,0,2015
198,11,15,577,245,540,48,0,1,0,0,0,0,0,0,0,0,0,0,0,0,2015
199,17,10,7207,64284,8,0,662,0,0,0,0,0,0,0,0,0,0,0,0,0,2009
200,9,10,2351,22,325,11,0,1,0,0,0,0,0,0,0,0,0,0,0,0,2013
201,17,12,4412,50,132,121,1,0,0,0,0,0,0,0,0,0,0,0,0,0,2014
202,8,7,611,9,285,30,0,1,0,0,0,0,0,0,0,0,0,0,0,0,2015
203,18,13,3125,807,96,5,3,0,0,0,0,0,0,0,0,0,0,0,0,0,2010
204,13,10,981,87,187,23,4,0,0,0,0,0,0,0,0,0,0,0,0,0,2012
205,7,8,5187,40,121,129,0,1,0,0,0,0,0,0,0,0,0,0,0,0,2011
206,16,10,848,37,175,750,15,0,0,0,0,0,0,0,0,0,0,0,0,0,2015
207,5,9,19005,703,330,229,6,1,0,0,0,0,0,0,0,0,0,0,0,0,2015
208,20,13,4231,4,5,2,2,1,0,0,0,0,0,0,0,0,0,0,0,0,2012
209,11,15,6006,2,12,0,0,1,0,0,0,0,0,0,0,0,0,0,0,0,2015
210,5,12,146,8,64,115,0,1,0,0,0,0,0,0,0,0,0,0,0,0,2015
211,9,9,107834,1455,1675,322,180,1,0,0,0,0,0,0,0,0,0,0,0,0,2008
212,14,15,2455,57,101,1604,0,1,0,0,0,0,0,0,0,0,0,0,0,0,2012
213,11,10,10105,16303,6,0,25,0,0,0,0,0,0,0,0,0,0,0,0,0,2013
214,20,6,644,199,1237,2,24,0,0,0,0,0,0,0,0,0,0,0,0,0,2014
215,19,12,33675,23357,1061,1790,186,0,0,0,0,0,0,0,0,0,0,0,0,0,2014
216,16,15,3851,1652,2078,2,41,0,0,0,0,0,0,0,0,0,0,0,0,0,2011
217,4,7,8947,31,125,45,55,1,0,0,0,0,0,0,0,0,0,0,0,0,2011
218,17,11,2383,174,21,5,9,0,0,0,0,0,0,0,0,0,0,0,0,0,2014
219,5,15,688,69,3157,1215,9,1,0,0,0,0,0,0,0,0,0,0,0,0,2015
220,18,13,24400,34413,33228,282,52,0,0,0,0,0,0,0,0,0,0,0,0,0,2010
221,4,8,4828,1083,1033,8,26,0,0,0,0,0,0,0,0,0,0,0,0,0,2010
222,20,15,5777,701,643,109,44,0,0,0,0,0,0,0,0,0,0,0,0,0,2015
223,18,11,39917,52,4280,3,3,1,0,0,0,0,0,0,0,0,0,0,0,0,2009
224,13,13,2901,45,395,0,2,1,0,0,0,0,0,0,0,0,0,0,0,0,2015
225,7,10,2820,697,320,7,22,0,0,0,0,0,0,0,0,0,0,0,0,0,2011
226,15,14,28408,4570,33,1,150,1,0,0,0,0,0,0,0,0,0,0,0,0,2008
227,4,15,2418,714,474,28,19,0,0,0,0,0,0,0,0,0,0,0,0,0,2010
228,9,9,3053,3445,4998,3307,81,0,0,0,0,0,0,0,0,0,0,0,0,0,2014
229,14,15,6788,11,120,11,0,1,0,0,0,0,0,0,0,0,0,0,0,0,2013
230,3,7,158000,81491,526,293,845,1,0,0,0,0,0,0,0,0,0,0,0,0,2013
231,10,9,543,2,0,0,0,1,0,0,0,0,0,0,0,0,0,0,0,0,2015
232,15,9,10180,58886,584,2755,329,0,0,0,0,0,0,0,0,0,0,0,0,0,2012
233,12,12,7037,1733,91,226,1,1,0,0,0,0,0,0,0,0,0,0,0,0,2013
234,6,6,39740,3,23,5,0,1,0,0,0,0,0,0,0,0,0,0,0,0,2013
235,8,8,13138,1511,2086,2,218,0,0,0,0,0,0,0,0,0,0,0,0,0,2008
236,18,13,5321,4234,3049,768,20,0,0,0,0,0,0,0,0,0,0,0,0,0,2013
237,1,6,121,24610,23,14,10,1,0,0,0,0,0,0,0,0,0,0,0,0,2011
238,18,10,3960,1654,305,0,9,0,0,0,0,0,0,0,0,0,0,0,0,0,2010
239,11,11,28472,3529,1182,1252,410,0,0,0,0,0,0,0,0,0,0,0,0,0,2011
240,19,15,15810,27,1,0,3,1,0,0,0,0,0,0,0,0,0,0,0,0,2014
241,8,14,1254,49,22,7575,0,1,0,0,0,0,0,0,0,0,0,0,0,0,2013
242,20,14,1156,869,609,299,10,0,0,0,0,0,0,0,0,0,0,0,0,0,2015
243,12,11,16404,20765,111,18,186,0,0,0,0,0,0,0,0,0,0,0,0,0,2009
244,13,12,19196,39908,2026,12697,1641,0,0,0,0,0,0,0,0,0,0,0,0,0,2009
245,13,11,16053,593,295,0,15,0,0,0,0,0,0,0,0,0,0,0,0,0,2010
246,6,6,16473,106,978,9872,2,1,0,0,0,0,0,0,0,0,0,0,0,0,2009
247,15,15,1796,73,266,0,1,0,0,0,0,0,0,0,0,0,0,0,0,0,2012
248,17,15,86,61,12,225,22,1,0,0,0,0,0,0,0,0,0,0,0,0,2014
249,19,8,3681,184,300,7,3,1,0,0,0,0,0,0,0,0,0,0,0,0,2011
250,13,12,15892,6333,306,24,90,0,0,0,0,0,0,0,0,0,0,0,0,0,2011
251,13,8,382,350,504,332,2,1,0,0,0,0,0,0,0,0,0,0,0,0,2015
252,15,15,34916,17784,2171,366,575,0,0,0,0,0,0,0,0,0,0,0,0,0,2009
253,15,11,383,2,0,0,0,1,0,0,0,0,0,0,0,0,0,0,0,0,2015
254,11,12,20503,204,734,121,2,1,0,0,0,0,0,0,0,0,0,0,0,0,2014
255,4,5,2675,85,79,2313,9,0,0,0,0,0,0,0,0,0,0,0,0,0,2013
256,6,9,643,3,0,0,0,1,0,0,0,0,0,0,0,0,0,0,0,0,2015
257,9,12,6679,80,74,32,12,1,0,0,0,0,0,0,0,0,0,0,0,0,2013
258,6,8,1618,2,0,0,0,1,0,0,0,0,0,0,0,0,0,0,0,0,2015
259,5,15,10930,60,126,2884,5,1,0,0,0,0,0,0,0,0,0,0,0,0,2015
260,14,12,1239,285,293,4870,43,0,0,0,0,0,0,0,0,0,0,0,0,0,2013
261,13,11,2552,7,4,3,0,1,0,0,0,0,0,0,0,0,0,0,0,0,2012
262,17,14,4809,2621,1959,554,83,1,0,0,0,0,0,0,0,0,0,0,0,0,2012
263,14,12,2975,70,0,0,9,0,0,0,0,0,0,0,0,0,0,0,0,0,2014
264,18,12,1260,166,89,46,0,0,0,0,0,0,0,0,0,0,0,0,0,0,2015
265,8,8,16429,1155,2083,8,14,1,0,0,0,0,0,0,0,0,0,0,0,0,2009
266,8,8,7511,54,448,53,2,0,0,0,0,0,0,0,0,0,0,0,0,0,2013
267,5,15,22819,4974,1,130,115,0,0,0,0,0,0,0,0,0,0,0,0,0,2009
268,41,7,5022,169,38,1,8,0,0,0,0,0,0,0,0,0,0,0,0,0,2012
269,11,9,8990,1494,1948,24,10,1,0,0,0,0,0,0,0,0,0,0,0,0,2009
270,10,10,8474,902,1424,650,1,1,0,0,0,0,0,0,0,0,0,0,0,0,2015
271,4,8,149356,2281,641,84247,118,0,0,0,0,0,0,0,0,0,0,0,0,0,2011
272,11,13,1131,27,60,92,0,1,0,0,0,0,0,0,0,0,0,0,0,0,2015
273,10,10,69323,127,0,0,40,1,0,0,0,0,0,0,0,0,0,0,0,0,2009
274,17,10,10276,242,436,21,23,1,0,0,0,0,0,0,0,0,0,0,0,0,2010
275,18,15,2179,1133,396,360,106,0,0,0,0,0,0,0,0,0,0,0,0,0,2013
276,10,15,1603,226,650,11360,0,1,0,0,0,0,0,0,0,0,0,0,0,0,2014
277,14,10,53621,4398,0,16,25,0,0,0,0,0,0,0,0,0,0,0,0,0,2013
278,13,12,1832,386,1237,122,1,1,0,0,0,0,0,0,0,0,0,0,0,0,2015
279,13,15,1446,72,502,3464,1,1,0,0,0,0,0,0,0,0,0,0,0,0,2013
280,10,9,1027,128,242,45,0,1,0,0,0,0,0,0,0,0,0,0,0,0,2015
281,10,10,15957,168,439,46,80,0,0,0,0,0,0,0,0,0,0,0,0,0,2014
282,8,12,50482,12969,11615,8,31,0,0,0,0,0,0,0,0,0,0,0,0,0,2011
283,3,15,1150,15,28,807,5,1,0,0,0,0,0,0,0,0,0,0,0,0,2015
284,17,9,3224,0,0,0,0,1,0,0,0,0,0,0,0,0,0,0,0,0,2015
285,9,13,5010,142,476,0,3,1,0,0,0,0,0,0,0,0,0,0,0,0,2012
286,13,13,6544,166,3261,195,46,1,0,0,0,0,0,0,0,0,0,0,0,0,2012
287,18,11,15361,15082,1024,3881,251,0,0,0,0,0,0,0,0,0,0,0,0,0,2009
288,20,13,94,448,1513,40989,1,0,0,0,0,0,0,0,0,0,0,0,0,0,2015
289,13,13,2199,17,22,0,97,0,0,0,0,0,0,0,0,0,0,0,0,0,2011
290,14,14,1229,140,323,0,0,0,0,0,0,0,0,0,0,0,0,0,0,0,2012
291,13,10,6709,103,803,1127,5,1,0,0,0,0,0,0,0,0,0,0,0,0,2009
292,14,11,4621,404,424,0,9,1,0,0,0,0,0,0,0,0,0,0,0,0,2012
293,12,11,977,13,2,2,7,1,0,0,0,0,0,0,0,0,0,0,0,0,2015
294,12,11,5210,216,129,4900,0,0,0,0,0,0,0,0,0,0,0,0,0,0,2015
295,15,14,64105,1247,2217,100963,25,1,0,0,0,0,0,0,0,0,0,0,0,0,2009
296,5,8,38431,266,107,27715,10,1,0,0,0,0,0,0,0,0,0,0,0,0,2013
297,10,13,1084,345,665,1226,0,1,0,0,0,0,0,0,0,0,0,0,0,0,2013
298,14,14,1139,1445,439,602,5,0,0,0,0,0,0,0,0,0,0,0,0,0,2011
299,12,12,605,3,0,0,0,1,0,0,0,0,0,0,0,0,0,0,0,0,2015
300,11,10,79678,36729,29169,258,16,1,0,0,0,0,0,0,0,0,0,0,0,0,2015
301,11,10,11803,1551,2005,6645,17,0,0,0,0,0,0,0,0,0,0,0,0,0,2010
302,4,7,666,4,32,0,0,1,0,0,0,0,0,0,0,0,0,0,0,0,2015
303,3,15,5397,2,12,0,0,1,0,0,0,0,0,0,0,0,0,0,0,0,2009
304,7,15,2644,76,3,0,2,0,0,0,0,0,0,0,0,0,0,0,0,0,2014
305,16,15,383,66,183,25,0,1,0,0,0,0,0,0,0,0,0,0,0,0,2015
306,13,15,25403,93,59,0,18,1,0,0,0,0,0,0,0,0,0,0,0,0,2015
307,11,12,674,11,58,15,0,0,0,0,0,0,0,0,0,0,0,0,0,0,2014
308,6,8,29843,1633,1467,3201,1,0,0,0,0,0,0,0,0,0,0,0,0,0,2014
309,14,15,295,2,1,0,0,1,0,0,0,0,0,0,0,0,0,0,0,0,2015
310,6,15,1885,81,210,29,0,1,0,0,0,0,0,0,0,0,0,0,0,0,2013
311,4,15,5096,124,330,8046,1,1,0,0,0,0,0,0,0,0,0,0,0,0,2011
312,13,13,3607,1332,1386,219,31,0,0,0,0,0,0,0,0,0,0,0,0,0,2010
313,18,11,16512,3438,48,31,34,0,0,0,0,0,0,0,0,0,0,0,0,0,2009
314,8,10,89194,138,62,0,36,1,0,0,0,0,0,0,0,0,0,0,0,0,2010
315,11,14,5852,59,93,406,0,1,0,0,0,0,0,0,0,0,0,0,0,0,2015
316,11,11,4755,2,2,0,0,1,0,0,0,0,0,0,0,0,0,0,0,0,2015
317,12,10,1371,41,168,1360,0,1,0,0,0,0,0,0,0,0,0,0,0,0,2015
318,16,15,6226,169,52,4,202,0,0,0,0,0,0,0,0,0,0,0,0,0,2009
319,4,9,15008,357,68,5908,2,0,0,0,0,0,0,0,0,0,0,0,0,0,2015
320,13,12,2520,94,55,44,15,0,0,0,0,0,0,0,0,0,0,0,0,0,2015
321,10,10,669,24,15,8,0,1,0,0,0,0,0,0,0,0,0,0,0,0,2015
322,15,10,5361,68,105,1,2,0,0,0,0,0,0,0,0,0,0,0,0,0,2011
323,11,12,1100,26,220,1097,1,1,0,0,0,0,0,0,0,0,0,0,0,0,2015
324,6,10,4762,175,1039,2892,0,0,0,0,0,0,0,0,0,0,0,0,0,0,2014
325,17,14,5381,740,189,1,25,0,0,0,0,0,0,0,0,0,0,0,0,0,2011
326,15,11,4306,2518,2006,103,124,0,0,0,0,0,0,0,0,0,0,0,0,0,2008
327,19,11,2461,1447,823,1286,36,0,0,0,0,0,0,0,0,0,0,0,0,0,2014
328,14,13,2750,146,623,1134,0,1,0,0,0,0,0,0,0,0,0,0,0,0,2013
329,17,14,4452,1028,1891,114,56,0,0,0,0,0,0,0,0,0,0,0,0,0,2012
330,10,8,24509,143,103,2614,21,1,0,0,0,0,0,0,0,0,0,0,0,0,2011
331,15,15,418,106,962,1,25,0,0,0,0,0,0,0,0,0,0,0,0,0,2015
332,11,9,6973,2134,1011,1007,26,0,0,0,0,0,0,0,0,0,0,0,0,0,2011
333,11,10,4545,155,12,0,5,0,0,0,0,0,0,0,0,0,0,0,0,0,2015
334,8,8,1411,124,96,17,26,0,0,0,0,0,0,0,0,0,0,0,0,0,2008
335,18,13,12104,497,910,3923,55,0,0,0,0,0,0,0,0,0,0,0,0,0,2013
336,18,11,2121,100,242,186,1,1,0,0,0,0,0,0,0,0,0,0,0,0,2014
337,17,15,2789,2524,622,382,80,0,0,0,0,0,0,0,0,0,0,0,0,0,2009
338,11,9,37124,815,892,869,10,1,0,0,0,0,0,0,0,0,0,0,0,0,2012
339,1,10,1939,97,210,377,0,1,0,0,0,0,0,0,0,0,0,0,0,0,2014
340,13,12,7332,387,418,3,8,0,0,0,0,0,0,0,0,0,0,0,0,0,2010
341,33,12,10822,289,826,14279,0,1,0,0,0,0,0,0,0,0,0,0,0,0,2014
342,5,13,3305,1983,248,41,13,0,0,0,0,0,0,0,0,0,0,0,0,0,2012
343,12,15,944,260,1051,261,9,0,0,0,0,0,0,0,0,0,0,0,0,0,2015
344,13,12,41839,2182,1979,40426,160,0,0,0,0,0,0,0,0,0,0,0,0,0,2014
345,18,9,7974,166,0,0,3,0,0,0,0,0,0,0,0,0,0,0,0,0,2013
346,14,12,1704,22,20,1,0,1,0,0,0,0,0,0,0,0,0,0,0,0,2015
347,10,6,49631,903,737,525,1,0,0,0,0,0,0,0,0,0,0,0,0,0,2010
348,19,12,4227,19,36,18,0,1,0,0,0,0,0,0,0,0,0,0,0,0,2013
349,3,10,551,16,40,302,0,1,0,0,0,0,0,0,0,0,0,0,0,0,2011
350,13,8,812,2,7,2,0,1,0,0,0,0,0,0,0,0,0,0,0,0,2015
351,13,15,5047,1847,1301,134,43,0,0,0,0,0,0,0,0,0,0,0,0,0,2013
352,6,7,527,2,0,0,0,1,0,0,0,0,0,0,0,0,0,0,0,0,2015
353,20,15,1104,679,1813,264,0,1,0,0,0,0,0,0,0,0,0,0,0,0,2014
354,14,11,283,7,36,1919,0,1,0,0,0,0,0,0,0,0,0,0,0,0,2013
355,15,15,6862,519,45,14,32,0,0,0,0,0,0,0,0,0,0,0,0,0,2009
356,8,8,309,176,77,83,1,0,0,0,0,0,0,0,0,0,0,0,0,0,2015
357,5,13,986,3,1,1,0,1,0,0,0,0,0,0,0,0,0,0,0,0,2015
358,15,8,3623,662,832,1550,6,0,0,0,0,0,0,0,0,0,0,0,0,0,2010
359,12,14,399,4,18,7,0,1,0,0,0,0,0,0,0,0,0,0,0,0,2015
360,9,14,317,1198,207,34,1,1,0,0,0,0,0,0,0,0,0,0,0,0,2015
361,8,11,2551,7,46,1,0,1,0,0,0,0,0,0,0,0,0,0,0,0,2011
362,10,7,14465,576,0,8589,8,1,0,0,0,0,0,0,0,0,0,0,0,0,2011
363,13,7,1881,1472,32,101,15,0,0,0,0,0,0,0,0,0,0,0,0,0,2014
364,13,12,59486,628,318,653,4,1,0,0,0,0,0,0,0,0,0,0,0,0,2011
365,15,11,8829,29,101,0,7,1,0,0,0,0,0,0,0,0,0,0,0,0,2014
366,5,10,18120,242,95,565,15,0,0,0,0,0,0,0,0,0,0,0,0,0,2015
367,11,15,23899,24,47,0,2,1,0,0,0,0,0,0,0,0,0,0,0,0,2011
368,4,11,6412,144,34,161,14,1,0,0,0,0,0,0,0,0,0,0,0,0,2009
369,16,14,2232,1298,758,569,53,0,0,0,0,0,0,0,0,0,0,0,0,0,2012
370,15,12,15890,272,398,111,19,0,0,0,0,0,0,0,0,0,0,0,0,0,2009
371,13,15,5061,1,0,0,0,0,0,0,0,0,0,0,0,0,0,0,0,0,2011
372,15,15,1246,46,201,741,6,1,0,0,0,0,0,0,0,0,0,0,0,0,2015
373,7,7,10944,176,156,6660,5,1,0,0,0,0,0,0,0,0,0,0,0,0,2015
374,16,12,12195,79,62,38,0,0,0,0,0,0,0,0,0,0,0,0,0,0,2014
375,15,14,26773,60,60,0,22,0,0,0,0,0,0,0,0,0,0,0,0,0,2015
376,8,9,382,130,58,0,0,1,0,0,0,0,0,0,0,0,0,0,0,0,2015
377,13,13,4697,264,1661,28,4,1,0,0,0,0,0,0,0,0,0,0,0,0,2010
378,11,10,215,6,54,202,0,1,0,0,0,0,0,0,0,0,0,0,0,0,2015
379,15,13,2098,201,307,1,4,0,0,0,0,0,0,0,0,0,0,0,0,0,2015
380,10,10,4598,1039,402,565,17,0,0,0,0,0,0,0,0,0,0,0,0,0,2010
381,11,14,1559,147,134,48,2,0,0,0,0,0,0,0,0,0,0,0,0,0,2013
382,14,14,1578,4217,3602,2019,281,0,0,0,0,0,0,0,0,0,0,0,0,0,2014
383,9,13,142028,43201,31050,79,24,0,0,0,0,0,0,0,0,0,0,0,0,0,2013
384,13,14,1148,73,323,865,0,1,0,0,0,0,0,0,0,0,0,0,0,0,2009
385,6,9,11150,355,429,15731,27,1,0,0,0,0,0,0,0,0,0,0,0,0,2015
386,18,15,5661,79,419,453,0,0,0,0,0,0,0,0,0,0,0,0,0,0,2012
387,12,12,14935,21,599,159,0,1,0,0,0,0,0,0,0,0,0,0,0,0,2013
388,10,12,2771,10,57,0,1,1,0,0,0,0,0,0,0,0,0,0,0,0,2015
389,18,11,11607,2022,2077,2228,329,0,0,0,0,0,0,0,0,0,0,0,0,0,2009
390,4,4,15709,24202,2920,4642,249,0,0,0,0,0,0,0,0,0,0,0,0,0,2011
391,15,10,5900,461,800,818,31,0,0,0,0,0,0,0,0,0,0,0,0,0,2011
392,16,15,7202,278,384,13,24,0,0,0,0,0,0,0,0,0,0,0,0,0,2010
393,18,14,9861,246,458,36,6,1,0,0,0,0,0,0,0,0,0,0,0,0,2012
394,8,8,45019,3016,99,3,167,0,0,0,0,0,0,0,0,0,0,0,0,0,2009
395,15,15,304,39,58,57,4,1,0,0,0,0,0,0,0,0,0,0,0,0,2015
396,9,13,4869,59,11,94,3,0,0,0,0,0,0,0,0,0,0,0,0,0,2014
397,14,7,3725,48,54,82,1,1,0,0,0,0,0,0,0,0,0,0,0,0,2009
398,11,15,9184,1532,252,5035,26,0,0,0,0,0,0,0,0,0,0,0,0,0,2009
399,8,8,11669,2,0,0,0,1,0,0,0,0,0,0,0,0,0,0,0,0,2015
400,11,11,2744,24,0,0,0,0,0,0,0,0,0,0,0,0,0,0,0,0,2011
401,13,9,1466,811,556,0,21,0,0,0,0,0,0,0,0,0,0,0,0,0,2010
402,14,10,780,28,22,1,1,1,0,0,0,0,0,0,0,0,0,0,0,0,2015
403,20,13,31630,75,353,99,2,1,0,0,0,0,0,0,0,0,0,0,0,0,2013
404,20,6,3434,2482,614,589,54,0,0,0,0,0,0,0,0,0,0,0,0,0,2009
405,6,9,10192,610,2577,6716,8,1,0,0,0,0,0,0,0,0,0,0,0,0,2012
406,9,14,1294,820,1982,266,0,0,0,0,0,0,0,0,0,0,0,0,0,0,2011
407,17,15,60297,174,27,2,9,1,0,0,0,0,0,0,0,0,0,0,0,0,2014
408,13,5,14219,250,217,869,55,0,0,0,0,0,0,0,0,0,0,0,0,0,2009
409,5,12,1420,276,1347,1337,3,1,0,0,0,0,0,0,0,0,0,0,0,0,2014
410,10,13,28080,14938,1201,1434,460,0,0,0,0,0,0,0,0,0,0,0,0,0,2008
411,14,13,3540,795,2207,624,336,0,0,0,0,0,0,0,0,0,0,0,0,0,2012
412,15,12,5697,50,518,5693,2,1,0,0,0,0,0,0,0,0,0,0,0,0,2015
413,4,11,3491,183,358,0,1,1,0,0,0,0,0,0,0,0,0,0,0,0,2015
414,13,13,7303,30,8,164,0,1,0,0,0,0,0,0,0,0,0,0,0,0,2014
415,12,11,46641,1131,223,0,107,0,0,0,0,0,0,0,0,0,0,0,0,0,2009
416,24,15,107237,1616,954,3025,186,0,0,0,0,0,0,0,0,0,0,0,0,0,2013
417,13,11,44996,405,2637,6,29,1,0,0,0,0,0,0,0,0,0,0,0,0,2012
418,9,13,2047,57,141,2273,2,1,0,0,0,0,0,0,0,0,0,0,0,0,2013
419,8,9,1009,10,149,6,0,1,0,0,0,0,0,0,0,0,0,0,0,0,2014
420,20,10,239,10,13,1,0,1,0,0,0,0,0,0,0,0,0,0,0,0,2011
421,18,12,5890,710,281,108,24,0,0,0,0,0,0,0,0,0,0,0,0,0,2015
422,10,9,4577,128,82,2,1,1,0,0,0,0,0,0,0,0,0,0,0,0,2009
423,12,12,218,28,141,66,0,1,0,0,0,0,0,0,0,0,0,0,0,0,2015
424,20,15,6898,57,34,1,12,1,0,0,0,0,0,0,0,0,0,0,0,0,2015
425,8,8,777,18,18,775,2,1,0,0,0,0,0,0,0,0,0,0,0,0,2015
426,12,11,9413,1433,3583,157,10,0,0,0,0,0,0,0,0,0,0,0,0,0,2012
427,16,12,909,316,1075,21,3,0,0,0,0,0,0,0,0,0,0,0,0,0,2014
428,12,13,6633,574,3928,0,12,0,0,0,0,0,0,0,0,0,0,0,0,0,2015
429,7,11,6088,3190,261,29563,34,1,0,0,0,0,0,0,0,0,0,0,0,0,2015
430,17,14,3193,1193,1033,2514,32,0,0,0,0,0,0,0,0,0,0,0,0,0,2010
431,15,15,731,4,21,2,0,1,0,0,0,0,0,0,0,0,0,0,0,0,2014
432,10,9,11974,1344,1045,6911,7,1,0,0,0,0,0,0,0,0,0,0,0,0,2014
433,9,9,3638,195,147,1847,0,1,0,0,0,0,0,0,0,0,0,0,0,0,2010
434,8,9,56632,1686,1808,0,62,0,0,0,0,0,0,0,0,0,0,0,0,0,2014
435,14,10,32277,44,38,0,12,1,0,0,0,0,0,0,0,0,0,0,0,0,2012
436,13,11,1421,10,110,0,0,1,0,0,0,0,0,0,0,0,0,0,0,0,2013
437,14,10,3918,322,1048,57,0,1,0,0,0,0,0,0,0,0,0,0,0,0,2014
438,13,15,41766,16,0,0,1,0,0,0,0,0,0,0,0,0,0,0,0,0,2010
439,4,12,482,2,0,0,0,1,0,0,0,0,0,0,0,0,0,0,0,0,2015
440,11,12,1569,12,14,3,1,1,0,0,0,0,0,0,0,0,0,0,0,0,2012
441,19,15,47673,13507,9224,6,165,0,0,0,0,0,0,0,0,0,0,0,0,0,2010
442,9,10,8437,1828,2473,660,58,0,0,0,0,0,0,0,0,0,0,0,0,0,2011
443,17,13,6471,6,1,0,5,0,0,0,0,0,0,0,0,0,0,0,0,0,2012
444,17,9,0,126,48,7,1,0,0,0,0,0,0,0,0,0,0,0,0,0,2015
445,4,14,8090,286,657,11518,6,1,0,0,0,0,0,0,0,0,0,0,0,0,2011
446,17,14,31693,174,129,16,1,0,0,0,0,0,0,0,0,0,0,0,0,0,2010
447,22,12,5892,1043,501,245,15,0,0,0,0,0,0,0,0,0,0,0,0,0,2013
448,14,14,1674,17,5,1677,0,1,0,0,0,0,0,0,0,0,0,0,0,0,2015
449,14,15,756,12,35,0,0,1,0,0,0,0,0,0,0,0,0,0,0,0,2015
450,13,13,2680,2,32,0,0,1,0,0,0,0,0,0,0,0,0,0,0,0,2014
451,13,15,3645,962,1709,6275,8,1,0,0,0,0,0,0,0,0,0,0,0,0,2014
452,10,10,9143,26,58,0,0,1,0,0,0,0,0,0,0,0,0,0,0,0,2015
453,7,12,1011,18,631,465,20,0,0,0,0,0,0,0,0,0,0,0,0,0,2012
454,4,11,1428,10,182,4383,0,1,0,0,0,0,0,0,0,0,0,0,0,0,2015
455,11,11,53,4938,643,77,3,1,0,0,0,0,0,0,0,0,0,0,0,0,2011
456,18,13,1618,416,1698,1290,2,0,0,0,0,0,0,0,0,0,0,0,0,0,2012
457,18,15,334,35,581,285,4,0,0,0,0,0,0,0,0,0,0,0,0,0,2014
458,14,9,253,388,1223,0,1,1,0,0,0,0,0,0,0,0,0,0,0,0,2015
459,18,15,1595,420,198,35,9,0,0,0,0,0,0,0,0,0,0,0,0,0,2009
460,2,8,2995,56,95,1314,1,1,0,0,0,0,0,0,0,0,0,0,0,0,2013
461,16,14,644,2,5,0,0,1,0,0,0,0,0,0,0,0,0,0,0,0,2015
462,9,8,30616,34529,2857,157,389,0,0,0,0,0,0,0,0,0,0,0,0,0,2009
463,1,14,689,5,8,0,0,1,0,0,0,0,0,0,0,0,0,0,0,0,2015
464,19,7,3300,1675,245,582,78,0,0,0,0,0,0,0,0,0,0,0,0,0,2009
465,20,15,5651,3207,1562,2294,39,0,0,0,0,0,0,0,0,0,0,0,0,0,2009
466,18,8,2605,7264,4848,344,149,0,0,0,0,0,0,0,0,0,0,0,0,0,2009
467,2,6,575,14,192,476,5,0,0,0,0,0,0,0,0,0,0,0,0,0,2015
468,17,9,5346,95,136,6,12,0,0,0,0,0,0,0,0,0,0,0,0,0,2009
469,18,11,57111,580,1227,0,1,0,0,0,0,0,0,0,0,0,0,0,0,0,2010
470,8,12,3846,140,156,22702,0,1,0,0,0,0,0,0,0,0,0,0,0,0,2013
471,14,14,2274,134,349,76,64,0,0,0,0,0,0,0,0,0,0,0,0,0,2014
472,9,11,7525,0,1,1,0,1,0,0,0,0,0,0,0,0,0,0,0,0,2010
473,10,10,1390,170,932,6361,1,1,0,0,0,0,0,0,0,0,0,0,0,0,2015
474,14,13,340,88,261,86,11,0,0,0,0,0,0,0,0,0,0,0,0,0,2015
475,11,8,1283,7,44,0,0,1,0,0,0,0,0,0,0,0,0,0,0,0,2014
476,13,6,5544,242,2070,114,5,0,0,0,0,0,0,0,0,0,0,0,0,0,2015
477,11,10,646,85,113,64,11,0,0,0,0,0,0,0,0,0,0,0,0,0,2015
478,5,8,4530,1615,1541,61,65,0,0,0,0,0,0,0,0,0,0,0,0,0,2011
479,13,11,2752,101,837,1503,1,1,0,0,0,0,0,0,0,0,0,0,0,0,2015
480,16,14,1328,49,1,0,3,0,0,0,0,0,0,0,0,0,0,0,0,0,2015
481,11,7,5093,183,20,243,23,0,0,0,0,0,0,0,0,0,0,0,0,0,2009
482,14,10,6776,67,712,28,3,0,0,0,0,0,0,0,0,0,0,0,0,0,2009
483,17,11,24850,9548,6573,39,26,1,0,0,0,0,0,0,0,0,0,0,0,0,2013
484,8,13,2133,207,284,6633,0,1,0,0,0,0,0,0,0,0,0,0,0,0,2014
485,10,11,6134,304,2347,17854,106,1,0,0,0,0,0,0,0,0,0,0,0,0,2013
486,14,12,11163,301,549,51,444,1,0,0,0,0,0,0,0,0,0,0,0,0,2015
487,20,4,1005,2922,1713,107,50,0,0,0,0,0,0,0,0,0,0,0,0,0,2011
488,12,9,415,2,2,0,0,1,0,0,0,0,0,0,0,0,0,0,0,0,2015
489,16,15,1973,4511,5058,64,15,0,0,0,0,0,0,0,0,0,0,0,0,0,2012
490,12,11,1577,37,1034,10,4,1,0,0,0,0,0,0,0,0,0,0,0,0,2012
491,8,13,5191,370,57,1928,4,1,0,0,0,0,0,0,0,0,0,0,0,0,2014
492,18,11,1113,130,19,27,3,0,0,0,0,0,0,0,0,0,0,0,0,0,2011
493,16,7,2119,217,599,122,0,1,0,0,0,0,0,0,0,0,0,0,0,0,2013
494,20,10,823,103,191,45,3,0,0,0,0,0,0,0,0,0,0,0,0,0,2015
495,14,9,779,132,184,27,0,1,0,0,0,0,0,0,0,0,0,0,0,0,2011
496,10,13,9158,255,122,5019,12,1,0,0,0,0,0,0,0,0,0,0,0,0,2015
497,14,12,5271,42,389,5226,3,1,0,0,0,0,0,0,0,0,0,0,0,0,2015
498,16,11,915,2,0,865,0,1,0,0,0,0,0,0,0,0,0,0,0,0,2015
499,9,9,12911,867,972,1226,38,1,0,0,0,0,0,0,0,0,0,0,0,0,2009
500,20,12,3200,124,67,3,9,0,0,0,0,0,0,0,0,0,0,0,0,0,2011
501,18,15,2218,10,36,0,3,1,0,0,0,0,0,0,0,0,0,0,0,0,2015
502,16,12,5775,311,233,628,83,0,0,0,0,0,0,0,0,0,0,0,0,0,2013
503,19,15,2454,77,4,2,6,0,0,0,0,0,0,0,0,0,0,0,0,0,2014
504,20,13,2773,1248,1790,1081,59,0,0,0,0,0,0,0,0,0,0,0,0,0,2009
505,13,11,2280,1968,1819,567,378,0,0,0,0,0,0,0,0,0,0,0,0,0,2011
506,3,13,654,20,89,1314,0,1,0,0,0,0,0,0,0,0,0,0,0,0,2015
507,12,8,2984,44,124,20,1,1,0,0,0,0,0,0,0,0,0,0,0,0,2010
508,12,11,8970,774,0,577,3,0,0,0,0,0,0,0,0,0,0,0,0,0,2015
509,11,10,5543,501,1313,3083,5,1,0,0,0,0,0,0,0,0,0,0,0,0,2013
510,15,15,3075,697,482,54,13,1,0,0,0,0,0,0,0,0,0,0,0,0,2012
511,17,8,12532,481,161,0,10,0,0,0,0,0,0,0,0,0,0,0,0,0,2009
512,13,10,189958,2619,997,3284,78,1,0,0,0,0,0,0,0,0,0,0,0,0,2010
513,7,7,1151,41,73,63,0,0,0,0,0,0,0,0,0,0,0,0,0,0,2011
514,15,11,414,251,299,25,7,1,0,0,0,0,0,0,0,0,0,0,0,0,2011
515,12,8,1178,29,12,0,1,1,0,0,0,0,0,0,0,0,0,0,0,0,2012
516,11,10,17699,5096,0,0,66,1,0,0,0,0,0,0,0,0,0,0,0,0,2010
517,11,8,5246,74,72,2,25,1,0,0,0,0,0,0,0,0,0,0,0,0,2009
518,13,11,4376,12,17,0,2,1,0,0,0,0,0,0,0,0,0,0,0,0,2013
519,19,15,991,433,631,52,1,1,0,0,0,0,0,0,0,0,0,0,0,0,2015
520,14,11,1475,52,145,29,1,1,0,0,0,0,0,0,0,0,0,0,0,0,2011
521,11,11,701,71,345,0,0,1,0,0,0,0,0,0,0,0,0,0,0,0,2013
522,15,11,51210,442,480,431,18,0,0,0,0,0,0,0,0,0,0,0,0,0,2010
523,7,13,827,2,0,0,0,1,0,0,0,0,0,0,0,0,0,0,0,0,2015
524,17,14,4429,2367,583,760,75,0,0,0,0,0,0,0,0,0,0,0,0,0,2014
525,17,15,50672,11,0,0,40,0,0,0,0,0,0,0,0,0,0,0,0,0,2014
526,13,12,2467,425,44,4,15,0,0,0,0,0,0,0,0,0,0,0,0,0,2011
527,14,9,1477,346,249,0,0,1,0,0,0,0,0,0,0,0,0,0,0,0,2010
528,15,7,8337,1460,1546,3,14,0,0,0,0,0,0,0,0,0,0,0,0,0,2013
529,12,10,664,465,1109,100,4,0,0,0,0,0,0,0,0,0,0,0,0,0,2015
530,8,15,1646,4,5,1,0,1,0,0,0,0,0,0,0,0,0,0,0,0,2014
531,17,8,4618,413,685,135,2,1,0,0,0,0,0,0,0,0,0,0,0,0,2015
532,7,12,5855,479,478,28,0,0,0,0,0,0,0,0,0,0,0,0,0,0,2012
533,18,13,51444,8387,19,0,6,1,0,0,0,0,0,0,0,0,0,0,0,0,2012
534,14,13,29779,418,48,0,8,0,0,0,0,0,0,0,0,0,0,0,0,0,2011
535,11,10,1949,17,50,0,0,0,0,0,0,0,0,0,0,0,0,0,0,0,2012
536,12,15,10026,587,115,2726,6,0,0,0,0,0,0,0,0,0,0,0,0,0,2014
537,14,12,1997,275,0,0,2,1,0,0,0,0,0,0,0,0,0,0,0,0,2012
538,15,12,6738,4307,4209,1888,99,0,0,0,0,0,0,0,0,0,0,0,0,0,2011
539,18,15,38090,3644,4725,11155,314,0,0,0,0,0,0,0,0,0,0,0,0,0,2014
540,11,10,41905,2481,2750,122,150,0,0,0,0,0,0,0,0,0,0,0,0,0,2009
541,12,12,24539,30,111,66,0,1,0,0,0,0,0,0,0,0,0,0,0,0,2011
542,4,7,440,3,60,0,0,1,0,0,0,0,0,0,0,0,0,0,0,0,2015
543,12,10,60174,1332,231,231,155,0,0,0,0,0,0,0,0,0,0,0,0,0,2009
544,11,11,4224,9,25,0,0,1,0,0,0,0,0,0,0,0,0,0,0,0,2015
545,15,14,5996,25,214,6626,2,1,0,0,0,0,0,0,0,0,0,0,0,0,2013
546,12,11,1978,1019,290,2556,60,0,0,0,0,0,0,0,0,0,0,0,0,0,2010
547,18,15,20710,216,259,4,44,0,0,0,0,0,0,0,0,0,0,0,0,0,2015
548,7,14,2073,7311,11,101,33,0,0,0,0,0,0,0,0,0,0,0,0,0,2014
549,15,14,930,37,110,2,5,1,0,0,0,0,0,0,0,0,0,0,0,0,2014
550,19,8,2454,216,216,33,3,0,0,0,0,0,0,0,0,0,0,0,0,0,2013
551,15,12,68764,2488,629,5859,13,1,0,0,0,0,0,0,0,0,0,0,0,0,2015
552,11,10,5098,510,1427,3215,12,0,0,0,0,0,0,0,0,0,0,0,0,0,2012
553,16,14,2119,89,8,0,4,0,0,0,0,0,0,0,0,0,0,0,0,0,2010
554,13,11,4506,2988,75,149,33,0,0,0,0,0,0,0,0,0,0,0,0,0,2015
555,12,11,6865,343,536,2922,25,0,0,0,0,0,0,0,0,0,0,0,0,0,2012
556,20,14,3812,298,155,4,5,0,0,0,0,0,0,0,0,0,0,0,0,0,2013
557,1,10,1,0,1,6,1,1,0,0,0,0,0,0,0,0,0,0,0,0,2015
558,14,14,4145,24,28,0,20,0,0,0,0,0,0,0,0,0,0,0,0,0,2013
559,8,10,42489,184,102,2,14,0,0,0,0,0,0,0,0,0,0,0,0,0,2013
560,10,15,4936,218,158,398,1,0,0,0,0,0,0,0,0,0,0,0,0,0,2014
561,8,8,2143,10,34,0,2,0,0,0,0,0,0,0,0,0,0,0,0,0,2014
562,13,13,6136,323,473,4324,8,0,0,0,0,0,0,0,0,0,0,0,0,0,2011
563,11,14,8881,2030,1076,114,28,0,0,0,0,0,0,0,0,0,0,0,0,0,2011
564,13,13,5479,455,48,0,10,0,0,0,0,0,0,0,0,0,0,0,0,0,2010
565,16,15,1791,330,145,6,7,0,0,0,0,0,0,0,0,0,0,0,0,0,2011
566,14,11,3074,364,446,0,27,1,0,0,0,0,0,0,0,0,0,0,0,0,2010
567,11,12,477,33,744,330,3,1,0,0,0,0,0,0,0,0,0,0,0,0,2014
568,15,15,8460,8660,2091,1520,98,0,0,0,0,0,0,0,0,0,0,0,0,0,2009
569,5,6,29453,87,152,784,0,0,0,0,0,0,0,0,0,0,0,0,0,0,2012
570,4,6,416,5,4,53,0,1,0,0,0,0,0,0,0,0,0,0,0,0,2015
571,7,10,9504,1356,1982,6972,1,1,0,0,0,0,0,0,0,0,0,0,0,0,2014
572,20,11,13161,1011,1139,679,2,1,0,0,0,0,0,0,0,0,0,0,0,0,2013
573,19,13,5378,63,929,957,5,1,0,0,0,0,0,0,0,0,0,0,0,0,2014
574,10,10,1386,1043,60,1970,0,1,0,0,0,0,0,0,0,0,0,0,0,0,2013
575,10,9,798,34,20,1,4,0,0,0,0,0,0,0,0,0,0,0,0,0,2015
576,17,14,8065,17975,2872,1965,150,0,0,0,0,0,0,0,0,0,0,0,0,0,2011
577,11,10,264196,6198,6762,223022,294,1,0,0,0,0,0,0,0,0,0,0,0,0,2015
578,17,9,1078,921,1561,1478,149,0,0,0,0,0,0,0,0,0,0,0,0,0,2015
579,9,11,321,7,50,3,1,0,0,0,0,0,0,0,0,0,0,0,0,0,2015
580,20,12,5603,3782,497,80,72,0,0,0,0,0,0,0,0,0,0,0,0,0,2009
581,19,9,8181,3748,1282,4238,87,0,0,0,0,0,0,0,0,0,0,0,0,0,2011
582,11,11,962,123,862,11,1,0,0,0,0,0,0,0,0,0,0,0,0,0,2015
583,5,15,4452,91,0,2885,51,1,0,0,0,0,0,0,0,0,0,0,0,0,2015
584,11,11,323552,5652,4943,65,258,0,0,0,0,0,0,0,0,0,0,0,0,0,2009
585,8,12,7711,1570,1392,162,45,0,0,0,0,0,0,0,0,0,0,0,0,0,2012
586,6,13,451,104,56,247,2,1,0,0,0,0,0,0,0,0,0,0,0,0,2015
587,9,15,1557,74,85,1533,0,1,0,0,0,0,0,0,0,0,0,0,0,0,2015
588,10,14,28786,15,6,0,6,1,0,0,0,0,0,0,0,0,0,0,0,0,2014
589,6,14,1426,486,277,9,9,0,0,0,0,0,0,0,0,0,0,0,0,0,2010
590,15,12,4167,396,1156,620,37,1,0,0,0,0,0,0,0,0,0,0,0,0,2009
591,9,9,12612,3578,974,2314,69,0,0,0,0,0,0,0,0,0,0,0,0,0,2008
592,12,12,598,2300,756,0,40,1,0,0,0,0,0,0,0,0,0,0,0,0,2012
593,11,13,4549,1283,1956,0,57,1,0,0,0,0,0,0,0,0,0,0,0,0,2009
594,7,14,5800,24,70,9,3,1,0,0,0,0,0,0,0,0,0,0,0,0,2013
595,3,15,3996,192,236,3728,0,0,0,0,0,0,0,0,0,0,0,0,0,0,2015
596,4,4,2867,1383,2018,1714,79,0,0,0,0,0,0,0,0,0,0,0,0,0,2009
597,17,12,2516,229,207,0,2,1,0,0,0,0,0,0,0,0,0,0,0,0,2015
598,16,15,16159,78,246,201,1,0,0,0,0,0,0,0,0,0,0,0,0,0,2013
599,19,14,2803,19,0,0,3,0,0,0,0,0,0,0,0,0,0,0,0,0,2015
600,14,14,23451,272,223,779,11,0,0,0,0,0,0,0,0,0,0,0,0,0,2011
601,15,13,1255,874,0,2,10,0,0,0,0,0,0,0,0,0,0,0,0,0,2015
602,12,6,8226,112,311,5,33,0,0,0,0,0,0,0,0,0,0,0,0,0,2011
603,5,6,1677,0,0,0,1,1,0,0,0,0,0,0,0,0,0,0,0,0,2015
604,7,12,14812,3687,3853,233,14,0,0,0,0,0,0,0,0,0,0,0,0,0,2012
605,9,8,16642,1646,1801,0,17,0,0,0,0,0,0,0,0,0,0,0,0,0,2010
606,5,15,2766,34,31,3199,5,1,0,0,0,0,0,0,0,0,0,0,0,0,2015
607,4,7,7258,1079,196,13312,2,1,0,0,0,0,0,0,0,0,0,0,0,0,2012
608,13,13,7175,66,588,62,3,0,0,0,0,0,0,0,0,0,0,0,0,0,2015
609,13,14,21187,799,1155,0,31,0,0,0,0,0,0,0,0,0,0,0,0,0,2010
610,19,9,1255,19,0,59,0,0,0,0,0,0,0,0,0,0,0,0,0,0,2014
611,3,11,601,25,277,608,0,1,0,0,0,0,0,0,0,0,0,0,0,0,2009
612,18,9,6320,373,553,286,12,0,0,0,0,0,0,0,0,0,0,0,0,0,2015
613,20,11,2364,330,4,0,10,0,0,0,0,0,0,0,0,0,0,0,0,0,2011
614,15,10,1178,697,998,852,1,1,0,0,0,0,0,0,0,0,0,0,0,0,2013
615,3,13,15339,1703,1621,10359,49,1,0,0,0,0,0,0,0,0,0,0,0,0,2011
616,12,6,11482,738,486,6803,24,0,0,0,0,0,0,0,0,0,0,0,0,0,2013
617,5,11,812,176,1071,778,0,1,0,0,0,0,0,0,0,0,0,0,0,0,2013
618,20,15,2732,1325,1874,221,32,0,0,0,0,0,0,0,0,0,0,0,0,0,2011
619,12,12,2778,2448,1306,17,37,0,0,0,0,0,0,0,0,0,0,0,0,0,2009
620,5,9,43,103,939,183,1,1,0,0,0,0,0,0,0,0,0,0,0,0,2013
621,16,12,7841,67,268,26,4,1,0,0,0,0,0,0,0,0,0,0,0,0,2008
622,10,13,4303,115,847,0,14,1,0,0,0,0,0,0,0,0,0,0,0,0,2012
623,16,12,3498,826,1622,354,22,0,0,0,0,0,0,0,0,0,0,0,0,0,2014
624,7,7,24751,1032,900,33,0,1,0,0,0,0,0,0,0,0,0,0,0,0,2011
625,16,10,3785,208,349,93,0,1,0,0,0,0,0,0,0,0,0,0,0,0,2014
626,3,15,2621,211,202,6605,1,1,0,0,0,0,0,0,0,0,0,0,0,0,2013
627,20,13,2090,918,1562,18,30,0,0,0,0,0,0,0,0,0,0,0,0,0,2009
628,12,7,1728,140,335,715,3,1,0,0,0,0,0,0,0,0,0,0,0,0,2014
629,15,11,1032,2,5,1035,0,0,0,0,0,0,0,0,0,0,0,0,0,0,2014
630,17,9,41069,75,165,1,8,1,0,0,0,0,0,0,0,0,0,0,0,0,2014
631,28,11,74681,2152,204,48390,119,1,0,0,0,0,0,0,0,0,0,0,0,0,2015
632,12,11,8747,95,4,4,0,0,0,0,0,0,0,0,0,0,0,0,0,0,2013
633,15,13,15147,123,1,0,0,0,0,0,0,0,0,0,0,0,0,0,0,0,2012
634,11,10,9399,16679,1283,3896,731,0,0,0,0,0,0,0,0,0,0,0,0,0,2008
635,14,5,2140,120,486,19,0,1,0,0,0,0,0,0,0,0,0,0,0,0,2011
636,7,15,1136,63,66,5,2,1,0,0,0,0,0,0,0,0,0,0,0,0,2015
637,15,15,35,254,109,900,0,0,0,0,0,0,0,0,0,0,0,0,0,0,2015
638,17,9,958,79,703,762,5,0,0,0,0,0,0,0,0,0,0,0,0,0,2013
639,18,14,693,37,183,714,0,1,0,0,0,0,0,0,0,0,0,0,0,0,2015
640,14,14,3917,291,1373,1294,17,0,0,0,0,0,0,0,0,0,0,0,0,0,2011
641,10,10,36085,117979,1280,220,489,0,0,0,0,0,0,0,0,0,0,0,0,0,2008
642,16,10,1447,27,73,0,1,1,0,0,0,0,0,0,0,0,0,0,0,0,2009
643,10,10,4054,236,184,0,12,1,0,0,0,0,0,0,0,0,0,0,0,0,2013
644,12,7,24096,412,2164,4475,10,1,0,0,0,0,0,0,0,0,0,0,0,0,2009
645,13,12,526,25,16,0,1,0,0,0,0,0,0,0,0,0,0,0,0,0,2015
646,15,12,1252,221,430,325,0,1,0,0,0,0,0,0,0,0,0,0,0,0,2013
647,8,11,239,61,147,196,0,1,0,0,0,0,0,0,0,0,0,0,0,0,2015
648,14,11,8306,6,3,0,1,1,0,0,0,0,0,0,0,0,0,0,0,0,2014
649,10,13,922,9,30,0,0,1,0,0,0,0,0,0,0,0,0,0,0,0,2014
650,12,11,5154,4433,5391,438,9,0,0,0,0,0,0,0,0,0,0,0,0,0,2015
651,10,13,34177,3527,6,4,48,0,0,0,0,0,0,0,0,0,0,0,0,0,2010
652,11,11,16334,428,58,0,15,1,0,0,0,0,0,0,0,0,0,0,0,0,2010
653,13,13,847,35,161,555,0,1,0,0,0,0,0,0,0,0,0,0,0,0,2015
654,7,10,396,15,710,0,14,0,0,0,0,0,0,0,0,0,0,0,0,0,2015
655,12,10,12413,520,1155,21,4,0,0,0,0,0,0,0,0,0,0,0,0,0,2011
656,14,6,1781,16,4,1669,1,1,0,0,0,0,0,0,0,0,0,0,0,0,2014
657,10,7,5408,12,21,0,0,0,0,0,0,0,0,0,0,0,0,0,0,0,2009
658,9,11,12743,1024,0,0,37,0,0,0,0,0,0,0,0,0,0,0,0,0,2010
659,8,10,824,5,0,0,0,0,0,0,0,0,0,0,0,0,0,0,0,0,2015
660,11,12,544,15,8,0,0,1,0,0,0,0,0,0,0,0,0,0,0,0,2014
661,14,15,1648,28,7,1622,0,1,0,0,0,0,0,0,0,0,0,0,0,0,2015
662,9,13,3289,288,286,1154,0,1,0,0,0,0,0,0,0,0,0,0,0,0,2014
663,6,12,1192,729,548,547,24,0,0,0,0,0,0,0,0,0,0,0,0,0,2015
664,10,12,3943,662,474,222,49,0,0,0,0,0,0,0,0,0,0,0,0,0,2009
665,11,14,2389,3980,973,50,27,0,0,0,0,0,0,0,0,0,0,0,0,0,2015
666,17,13,1642,2,0,0,1,1,0,0,0,0,0,0,0,0,0,0,0,0,2015
667,10,8,5877,230,169,1,19,0,0,0,0,0,0,0,0,0,0,0,0,0,2009
668,16,12,8277,206,1665,52379,23,1,0,0,0,0,0,0,0,0,0,0,0,0,2015
669,10,6,1929,1056,1935,71,66,0,0,0,0,0,0,0,0,0,0,0,0,0,2013
670,9,15,3002,7,41,0,0,1,0,0,0,0,0,0,0,0,0,0,0,0,2012
671,16,15,8536,3,3,0,0,1,0,0,0,0,0,0,0,0,0,0,0,0,2012
672,8,9,371,2,0,0,0,1,0,0,0,0,0,0,0,0,0,0,0,0,2015
673,17,15,3739,17,58,553,0,1,0,0,0,0,0,0,0,0,0,0,0,0,2015
674,5,8,890,332,480,125,17,0,0,0,0,0,0,0,0,0,0,0,0,0,2015
675,14,13,5626,51,42,17,4,0,0,0,0,0,0,0,0,0,0,0,0,0,2011
676,16,14,21446,460,560,16,63,0,0,0,0,0,0,0,0,0,0,0,0,0,2012
677,14,13,321,7,15,8,0,0,0,0,0,0,0,0,0,0,0,0,0,0,2015
678,10,15,493,267,155,0,0,1,0,0,0,0,0,0,0,0,0,0,0,0,2015
679,16,11,5682,1000,1031,0,70,0,0,0,0,0,0,0,0,0,0,0,0,0,2008
680,11,11,3,718,1639,7,11,1,0,0,0,0,0,0,0,0,0,0,0,0,2015
681,10,9,4766,121,643,5278,0,1,0,0,0,0,0,0,0,0,0,0,0,0,2015
682,8,8,6890,0,11,0,0,1,0,0,0,0,0,0,0,0,0,0,0,0,2012
683,9,13,10427,227,332,1420,3,0,0,0,0,0,0,0,0,0,0,0,0,0,2010
684,18,10,1471,285,121,59,6,0,0,0,0,0,0,0,0,0,0,0,0,0,2010
685,6,6,878,186,40,843,0,1,0,0,0,0,0,0,0,0,0,0,0,0,2015
686,14,13,1588,55,413,0,8,1,0,0,0,0,0,0,0,0,0,0,0,0,2012
687,13,12,1227,92,33,1047,11,1,0,0,0,0,0,0,0,0,0,0,0,0,2014
688,20,8,801,4,28,0,0,1,0,0,0,0,0,0,0,0,0,0,0,0,2013
689,17,6,1686,817,1219,7,23,0,0,0,0,0,0,0,0,0,0,0,0,0,2009
690,14,13,1029,2,0,0,0,1,0,0,0,0,0,0,0,0,0,0,0,0,2015
691,15,14,336,159,62,92,0,1,0,0,0,0,0,0,0,0,0,0,0,0,2015
692,18,7,7304,515,2003,86,21,0,0,0,0,0,0,0,0,0,0,0,0,0,2012
693,5,14,1267,1,1,0,0,1,0,0,0,0,0,0,0,0,0,0,0,0,2013
694,12,10,2866,2,2,1,0,1,0,0,0,0,0,0,0,0,0,0,0,0,2015
695,9,8,2016,303,778,449,26,0,0,0,0,0,0,0,0,0,0,0,0,0,2014
696,17,14,2824,188,79,7,3,0,0,0,0,0,0,0,0,0,0,0,0,0,2012
697,13,12,5300,2040,2175,4,119,0,0,0,0,0,0,0,0,0,0,0,0,0,2011
698,7,6,112307,363,1892,256,150,0,0,0,0,0,0,0,0,0,0,0,0,0,2015
699,12,12,8638,228,101,0,19,0,0,0,0,0,0,0,0,0,0,0,0,0,2009
700,4,11,2497,143,868,1204,6,1,0,0,0,0,0,0,0,0,0,0,0,0,2012
701,20,15,56330,1934,1993,96,54,0,0,0,0,0,0,0,0,0,0,0,0,0,2009
702,12,12,2742,427,210,350,50,0,0,0,0,0,0,0,0,0,0,0,0,0,2015
703,13,12,10420,12,88,3,1,1,0,0,0,0,0,0,0,0,0,0,0,0,2014
704,15,15,3605,743,971,128,64,0,0,0,0,0,0,0,0,0,0,0,0,0,2009
705,11,9,10810,326,731,367,16,0,0,0,0,0,0,0,0,0,0,0,0,0,2014
706,6,7,2632,12,8,0,0,1,0,0,0,0,0,0,0,0,0,0,0,0,2010
707,16,12,435,193,1053,124,0,1,0,0,0,0,0,0,0,0,0,0,0,0,2015
708,13,12,2624,361,1416,9928,9,1,0,0,0,0,0,0,0,0,0,0,0,0,2013
709,15,14,7519,67,218,9945,8,1,0,0,0,0,0,0,0,0,0,0,0,0,2014
710,11,15,699,32,138,59,0,1,0,0,0,0,0,0,0,0,0,0,0,0,2014
711,14,12,2201,47,345,2190,2,1,0,0,0,0,0,0,0,0,0,0,0,0,2015
712,13,9,4796,619,76,1684,230,0,0,0,0,0,0,0,0,0,0,0,0,0,2012
713,14,13,3573,194,470,4280,0,1,0,0,0,0,0,0,0,0,0,0,0,0,2015
714,12,12,253,3,2,0,0,1,0,0,0,0,0,0,0,0,0,0,0,0,2011
715,4,13,98,8,10,3,0,1,0,0,0,0,0,0,0,0,0,0,0,0,2015
716,10,10,2701,151,216,1311,1,0,0,0,0,0,0,0,0,0,0,0,0,0,2015
717,14,12,10935,89,40,0,284,1,0,0,0,0,0,0,0,0,0,0,0,0,2015
718,4,13,426,2,0,0,0,1,0,0,0,0,0,0,0,0,0,0,0,0,2015
719,12,12,592,40,0,0,1,1,0,0,0,0,0,0,0,0,0,0,0,0,2015
720,20,10,22410,891,628,2484,157,1,0,0,0,0,0,0,0,0,0,0,0,0,2014
721,10,12,1398,11,125,4007,0,1,0,0,0,0,0,0,0,0,0,0,0,0,2012
722,14,15,339,1910,19,391,1,1,0,0,0,0,0,0,0,0,0,0,0,0,2015
723,18,10,12425,7326,2175,608,520,0,0,0,0,0,0,0,0,0,0,0,0,0,2008
724,13,7,5645,28,8,41,2,1,0,0,0,0,0,0,0,0,0,0,0,0,2015
725,9,8,3271,27,58,875,0,1,0,0,0,0,0,0,0,0,0,0,0,0,2015
726,1,9,13529,0,1,0,0,1,0,0,0,0,0,0,0,0,0,0,0,0,2015
727,10,9,31828,563,928,478,13,0,0,0,0,0,0,0,0,0,0,0,0,0,2011
728,13,11,5866,96,84,5832,3,1,0,0,0,0,0,0,0,0,0,0,0,0,2015
729,13,14,2168,15,85,0,0,1,0,0,0,0,0,0,0,0,0,0,0,0,2013
730,12,12,3378,548,91,2888,805,0,0,0,0,0,0,0,0,0,0,0,0,0,2014
731,6,11,9579,533,78,126,1,0,0,0,0,0,0,0,0,0,0,0,0,0,2012
732,18,11,10492,144,215,101,1,1,0,0,0,0,0,0,0,0,0,0,0,0,2015
733,20,15,4020,32,0,0,1,0,0,0,0,0,0,0,0,0,0,0,0,0,2011
734,12,12,515,11,22,89,0,1,0,0,0,0,0,0,0,0,0,0,0,0,2013
735,19,11,3149,9137,650,3447,97,0,0,0,0,0,0,0,0,0,0,0,0,0,2012
736,13,12,17665,12955,117,611,165,0,0,0,0,0,0,0,0,0,0,0,0,0,2009
737,10,10,16875,189,0,3,12,1,0,0,0,0,0,0,0,0,0,0,0,0,2013
738,20,13,3852,39,115,5,0,1,0,0,0,0,0,0,0,0,0,0,0,0,2013
739,10,10,135192,1116,1339,25193,43,1,0,0,0,0,0,0,0,0,0,0,0,0,2011
740,17,14,12893,639,4570,2881,11,0,0,0,0,0,0,0,0,0,0,0,0,0,2009
741,13,15,11505,7933,0,0,2,0,0,0,0,0,0,0,0,0,0,0,0,0,2009
742,16,11,2285,943,3895,261,11,0,0,0,0,0,0,0,0,0,0,0,0,0,2010
743,12,12,8472,460,192,255,352,1,0,0,0,0,0,0,0,0,0,0,0,0,2014
744,20,15,2440,731,671,121,7,0,0,0,0,0,0,0,0,0,0,0,0,0,2012
745,13,11,11547,62,28,3177,1,1,0,0,0,0,0,0,0,0,0,0,0,0,2013
746,18,11,2813,20,813,0,0,0,0,0,0,0,0,0,0,0,0,0,0,0,2015
747,19,11,19584,24418,5498,1230,348,0,0,0,0,0,0,0,0,0,0,0,0,0,2011
748,19,15,28180,1349,1865,133,105,0,0,0,0,0,0,0,0,0,0,0,0,0,2012
